user_id,name,email,phone,address,city,country,signup_date
1,Denise Walker,jpeterson@gmail.com,311-661-5594x07816,310 Kendra Common Apt. 164,Reidstad,Central African Republic,2024-09-22
2,Derek Zuniga,clarksherri@hotmail.com,676.872.4238,3287 Katelyn Wall Apt. 226,South Patrickmouth,Marshall Islands,2024-06-22
3,Ashley Dyer,georgetracy@gmail.com,430-639-1171x8227,83465 Lam Mission Apt. 331,Andrewside,Denmark,2025-03-11
4,Michelle Brown,rodney70@hotmail.com,+1-410-665-1333x8726,17810 Tanya Terrace Apt. 267,Lewisfurt,United Kingdom,2024-01-24
5,Victoria Baker,rileyamy@hotmail.com,3094788208,136 Shelly Port,New Brooke,Niger,2024-02-11
6,Keith Stewart,nicole35@yahoo.com,384.498.0841x241,9353 Wagner Glen Apt. 164,North Matthewberg,Northern Mariana Islands,2024-06-30
7,Kristen Patterson,evelynestrada@yahoo.com,+1-469-723-2260,342 Patrick Camp Suite 337,Kevinbury,Czech Republic,2023-12-28
8,Diana Jones,zsmith@hotmail.com,001-735-861-5951x4846,236 Byrd Extensions Suite 680,Justinchester,Solomon Islands,2025-03-04
9,Jeremy Lewis,gibsonolivia@hotmail.com,001-967-263-2016x328,72788 Dodson Mills,Rivasside,Kiribati,2025-11-05
10,Karen Green,calebrussell@hotmail.com,(803)566-9096x70546,46706 Caldwell Union Suite 272,South Brittanytown,Belize,2025-04-22
11,Joel Williams,davidcaldwell@hotmail.com,645.829.9124x190,319 Curtis Trail Suite 919,West Amandastad,Bangladesh,2025-01-05
12,Jason Henry,nicole37@hotmail.com,+1-665-207-5273x54549,36783 Brewer Overpass,Mcguireland,French Polynesia,2024-05-30
13,Eric Perkins,tina34@gmail.com,(640)482-4008,09477 Peterson Center Suite 711,Vasquezshire,Norfolk Island,2025-05-26
14,Roberta Avery,mezajared@gmail.com,+1-212-532-8120x67974,471 Sandra Turnpike Apt. 618,Lake Edward,Ethiopia,2025-09-12
15,Carol Parker,barbara27@hotmail.com,342.496.7175x655,7468 Shawn Island Suite 516,Lake Mollymouth,Isle of Man,2024-01-21
16,Lisa Jimenez,pvalentine@gmail.com,001-548-446-7737x826,6584 Justin Hills,Grimesmouth,Mauritania,2024-12-20
17,Phillip Bennett,charlesharrington@yahoo.com,+1-561-658-6578x091,161 Scott Square,Rebeccaton,Greece,2025-08-19
18,Jade Thomas,erica21@yahoo.com,001-346-547-4367,594 Johnson Village Suite 409,New Julieport,Singapore,2025-08-21
19,Heather Fields,ithompson@hotmail.com,784.324.7451x71236,48175 Richards View Suite 137,New Nicoleside,Greece,2025-11-19
20,Madison Marshall,basschristina@yahoo.com,001-853-677-3515x850,71390 Kristin Gardens,Port Anne,Bangladesh,2025-09-14
21,Robin Hall,martinezrobert@gmail.com,577-258-9178,0076 Parks Overpass Suite 115,North David,Nigeria,2025-04-14
22,Kyle Phillips,fjones@gmail.com,352-880-9885,604 Bell Ports Apt. 273,West Meganstad,Brazil,2025-07-24
23,Robert Bruce,nicholaschavez@gmail.com,859-991-0229x0147,4381 Jordan Haven Suite 840,South Tracey,Azerbaijan,2023-12-15
24,Christine Taylor,zroberts@gmail.com,(897)351-6136,5352 William Crescent Apt. 552,North Dwayne,Congo,2024-04-22
25,Mary Thompson,brownmarie@gmail.com,999-586-7980,782 Shannon Valleys Suite 182,East Jasminemouth,Malta,2025-01-19
26,Tabitha Hughes,tanderson@gmail.com,+1-265-728-1685,35733 Eric Hill Apt. 888,Lake Matthewberg,Nepal,2024-09-27
27,Sandra Wise,smurray@yahoo.com,662.339.2407x58181,7826 Stacey Forges,Wilkersontown,Israel,2024-01-20
28,David Vang,srodriguez@gmail.com,203-569-7117,6095 Ashley Ferry,New Theresaland,Zimbabwe,2025-01-21
29,Julie Reid,james30@yahoo.com,868.874.0345x05415,5277 Glass Path Suite 161,Morrisonburgh,Mayotte,2024-07-25
30,Garrett Phillips,ejohnson@gmail.com,+1-455-769-0927x5571,4310 Victor Loaf Apt. 447,New Justin,United States Virgin Islands,2024-12-25
31,Sarah Hayes,kristyjohnson@hotmail.com,(878)329-1146x786,1778 Anderson Village,Port Tammy,Jersey,2025-01-03
32,Kelly Torres,megan90@gmail.com,6946396907,64710 Scott Orchard Suite 359,West Michelle,Ghana,2025-07-02
33,Carlos Wood MD,dferrell@yahoo.com,901.968.7339x5004,016 Nicole Stream Suite 650,Williamsside,Congo,2024-09-16
34,Jonathan Duran,linda87@gmail.com,925.695.2694x95888,55169 Robles Stream Apt. 974,Lake Brett,Lesotho,2024-04-20
35,Michael Johnson,sue78@yahoo.com,(549)973-3484x344,5844 Ashley Plains Suite 652,Bobbyland,Guatemala,2025-11-26
36,Paul Lewis,richarddonovan@yahoo.com,+1-434-254-0193x8026,2400 Bradley Coves Suite 478,Smallberg,Thailand,2025-01-04
37,Robert Rivera,patrick74@yahoo.com,001-690-445-3017,841 Richardson Forges Apt. 272,Adkinsstad,Israel,2025-06-07
38,Robert Petersen,jenniferburns@hotmail.com,9726867908,4039 Brandon Key,New Virginialand,Vietnam,2024-12-10
39,Catherine Taylor,opatel@gmail.com,(324)231-0690x331,030 Gonzales Plains Apt. 028,Jimshire,Ghana,2025-03-02
40,Shawn Odom,yhernandez@gmail.com,+1-873-834-2708,3435 Sandra Vista,Christopherborough,Austria,2024-07-05
41,Larry Russo,randyallen@yahoo.com,767-585-4458x7717,6093 Allen Plaza Suite 423,Jerryshire,Syrian Arab Republic,2024-06-17
42,Tony Morgan,carloshernandez@gmail.com,250.299.7700x886,408 Drake Fall Apt. 182,East Christine,El Salvador,2025-09-03
43,James Watson,walshjacqueline@gmail.com,(259)418-0339x74014,39261 Martin Garden Suite 856,Port Vanessa,Saint Kitts and Nevis,2024-02-08
44,Jeffrey Roberson,odawson@gmail.com,(455)811-0475x4121,886 Anthony Knoll Apt. 995,Smithchester,Iceland,2025-08-06
45,Kristin Haney,jennifersimpson@hotmail.com,812.440.6596x575,9375 Tamara Island Suite 793,Nicholasfurt,Haiti,2024-03-07
46,Kimberly Maldonado,ystephens@yahoo.com,+1-891-713-5290,01438 Sean Lock Suite 982,Whitneyfort,Bosnia and Herzegovina,2024-07-26
47,Brady Guerra,marksimmons@yahoo.com,(522)566-0937x9660,191 Michael Flat Suite 147,Candicefurt,Namibia,2024-03-07
48,Jimmy Thompson,angelaburns@gmail.com,979-805-0723x68876,2190 Kelly Harbor Apt. 842,Cunninghamfort,Mexico,2025-01-09
49,Debra Daniels,kristenli@gmail.com,(384)498-2544x948,42232 Poole Trace Suite 729,Courtneyfurt,Korea,2024-02-06
50,Nicole Neal,amy29@yahoo.com,600-417-0127x70632,54152 Randy Inlet Apt. 611,East Thomasberg,Nauru,2024-06-02
51,Michael Montoya,courtneyhernandez@yahoo.com,+1-673-311-2196x56523,999 Maxwell Spurs,Port Melanieport,Costa Rica,2025-01-15
52,Elizabeth Brown,smithcarlos@yahoo.com,3064848666,41832 Myers Roads Apt. 463,East Christopherchester,Brazil,2024-11-26
53,Natalie Yang,crawfordwilliam@gmail.com,001-225-224-1913,07562 Sarah Walks,New Lindachester,Czech Republic,2024-08-15
54,Michelle Nelson,james94@hotmail.com,275.897.3832,85050 Sweeney Stream,Daltonhaven,Dominica,2024-10-31
55,Dr. Charles Ramirez,melissa65@yahoo.com,731-832-9121x277,537 Ford Walk,North Ericport,Sweden,2025-06-09
56,Selena Hernandez,aguilarjonathan@gmail.com,237-421-5107,670 Vega Extensions Suite 324,Seanberg,Antigua and Barbuda,2025-03-30
57,Kathleen Andrade,anthonycochran@yahoo.com,885.793.2133x4803,39559 Jade Knoll,New Stacy,Taiwan,2025-08-30
58,Christopher Johnson,kimmathis@yahoo.com,(469)715-4522x675,926 Gross Hill,East Jessica,Yemen,2025-06-07
59,Randy Bradley,daisymccarty@hotmail.com,+1-857-904-3315x4100,67658 Garcia Neck Apt. 271,West Andrewview,Zambia,2024-02-29
60,Stacy Martin,longandrea@yahoo.com,3502614973,41714 Ruiz Shore,Christopherside,Iceland,2024-05-01
61,Jacob Griffin,parmstrong@yahoo.com,360-989-8992,33206 Vanessa Mews,Port Courtney,Syrian Arab Republic,2025-03-16
62,Nicholas Aguirre,natalie46@hotmail.com,001-897-202-4629,3074 Smith Viaduct Suite 447,Port Jeremyport,Samoa,2024-11-18
63,Jason Brewer,antoniowilliams@yahoo.com,745.978.6103,79855 Mary Green Apt. 406,East Melissaborough,Togo,2024-05-29
64,Debra Ortiz,asilva@hotmail.com,(689)694-4171x545,28309 Guerrero Springs Apt. 074,Rebeccafurt,Iceland,2025-07-04
65,Wendy Cabrera,staceylam@hotmail.com,653.946.5549,0999 Thomas Fields,Port Erinhaven,French Southern Territories,2024-10-25
66,Brittany Gay,christinaschultz@yahoo.com,560.508.3505x8300,2168 Jackson View Apt. 447,Ryanberg,Guam,2025-11-09
67,Colin Vaughan,wheelerbrandon@gmail.com,9014676184,046 Elaine Groves,South Maria,Bosnia and Herzegovina,2025-01-10
68,Rachel Jimenez,jimmy01@gmail.com,001-972-618-1143,0120 Ward Springs Suite 611,North Melissaburgh,Greenland,2024-09-12
69,Derrick Quinn,nmaxwell@gmail.com,001-527-771-6701x4508,3756 Mary Point,North Dawnburgh,Madagascar,2025-09-29
70,Sean Jones,fmiller@yahoo.com,270-316-6088,837 Cox Center Apt. 758,Moranstad,Saint Barthelemy,2024-11-25
71,Mary Smith,daniel60@hotmail.com,+1-991-477-9827x08086,216 Gordon Lights,Pettybury,Falkland Islands (Malvinas),2024-10-14
72,Mr. Casey Gutierrez,icraig@yahoo.com,(408)210-6200x34244,80571 Julia Points Suite 384,South Paulmouth,Micronesia,2024-01-20
73,Christina Melton,eugenesingleton@gmail.com,720.325.9094x798,328 Kristie Estate Suite 886,West Jeffreyborough,Panama,2024-08-23
74,Daniel Goodwin,patrick16@yahoo.com,001-340-385-8877x0435,801 Ellen Trail,Port Gina,Syrian Arab Republic,2024-02-28
75,Michele Cherry,bmccoy@yahoo.com,(618)309-1901x5814,6607 Amanda Dale Suite 842,Ericastad,Zambia,2023-12-18
76,Abigail Carlson,dannylambert@hotmail.com,5879814141,2314 Rachel Island Suite 759,Heatherberg,Mongolia,2025-02-22
77,Tyler Jackson,lunapatricia@hotmail.com,9994693084,3942 Mason Course Suite 580,Port Tamara,Nicaragua,2025-05-24
78,Brenda Moore,hoopermario@hotmail.com,+1-644-898-9266x5918,655 Sparks Rapids,New Nicolemouth,Chad,2024-06-05
79,Diana Hernandez,dennishunt@hotmail.com,6243286990,9772 Maria Rapid,Port Brandi,Seychelles,2024-04-29
80,Michael Nielsen,rachelryan@gmail.com,+1-368-865-0863x76599,7314 Scott Avenue,New Alexandrahaven,Albania,2024-09-26
81,Emily Cox,qfitzgerald@gmail.com,272.413.8658,012 Frost Mews Apt. 143,Christopherton,Saint Kitts and Nevis,2024-10-03
82,Joseph Dawson,elizabeth69@gmail.com,6115848955,6904 Richard Coves,New Kellyville,Spain,2025-01-11
83,Robert Andrews,laurengutierrez@yahoo.com,+1-404-934-1651,3942 Victor Flats Apt. 343,East Mary,Taiwan,2025-04-03
84,Brian Mora,imendoza@gmail.com,(362)771-8750x036,428 Young Mountains Suite 527,Clarkstad,Haiti,2025-10-03
85,Christopher Anderson,rosshannah@gmail.com,271-875-4558x845,9399 Tiffany Haven,Markhaven,Libyan Arab Jamahiriya,2025-08-02
86,James Mitchell,denise49@hotmail.com,675-398-7622x023,61117 Anthony Locks,North Joseberg,Belize,2025-05-01
87,David Mitchell,zfernandez@gmail.com,256-942-4008x2547,0649 Laura Plaza Suite 368,Fosterburgh,Saint Barthelemy,2025-07-04
88,Daniel Miller,hernandeztara@gmail.com,244-927-0312,6475 Terry Bypass,Christopherberg,Azerbaijan,2024-07-03
89,John Lee,thomasmaldonado@yahoo.com,(708)281-4743,36502 Richards Locks,North Tanya,Mozambique,2025-08-09
90,Christopher Townsend,norrismichael@gmail.com,4777848739,749 Casey Drives Suite 448,Shawnhaven,Hong Kong,2025-07-01
91,Lisa Diaz,daniel81@gmail.com,(820)931-7310,53910 Diana Village Apt. 705,Shortton,Swaziland,2025-04-02
92,Nicholas Davenport,bpark@gmail.com,(786)785-2897,6659 Anna Forest Suite 845,Westfurt,Afghanistan,2025-06-26
93,Linda Holmes DVM,jesseshepherd@gmail.com,(893)315-7279x1940,5661 Julie Vista,Lake Kimberlyfurt,Austria,2024-08-02
94,Krystal Murphy,matthewalvarez@hotmail.com,+1-964-516-8622,9389 John Grove Suite 591,Lake Robertstad,Guernsey,2024-05-05
95,Matthew Carrillo,rodriguezbrian@hotmail.com,605-914-7705x3833,069 Jonathan Circle,Jamesview,Austria,2024-12-05
96,Mary Alvarado,andrewsutton@yahoo.com,838-440-4608x4325,689 Robert Ports,South Tara,United States of America,2025-03-24
97,Carlos Delgado,nicole66@yahoo.com,001-542-531-2209x9499,051 Anderson Vista,Josephstad,Colombia,2025-10-01
98,Chad Lee,michelle36@yahoo.com,2963569998,0388 Terrell Canyon Suite 803,Scottport,Singapore,2025-09-12
99,Jay Austin,jennifermartinez@gmail.com,451.786.8926x860,22064 Cross Mission,Courtneyville,United Arab Emirates,2024-03-21
100,Pamela Smith,benjamin09@hotmail.com,710-216-2249x99827,5561 Bridges Circles,Thomasville,Puerto Rico,2025-10-07
101,Jason Clark,lvasquez@hotmail.com,001-243-701-0713x966,303 King Cliff Suite 488,Katieville,Poland,2024-08-24
102,Keith Choi,dreilly@hotmail.com,001-358-480-3955,56829 Lopez Crescent Suite 504,Millerbury,Holy See (Vatican City State),2024-11-25
103,Eric Rodriguez,jamiejohnson@yahoo.com,610.540.9157x01840,34485 Lambert Groves Apt. 241,New Anitaville,Costa Rica,2025-02-03
104,Devin Harding,tjensen@yahoo.com,981.679.2171,3329 Durham Lock Apt. 557,Johnsonfort,Bouvet Island (Bouvetoya),2024-09-07
105,Christopher Tate,njones@hotmail.com,(769)358-3219x71997,46191 Murphy Rue Apt. 132,Port Dwayneberg,Korea,2025-01-25
106,Kenneth Gonzalez,ryanlawrence@hotmail.com,001-866-766-8327x238,42201 Douglas Oval Suite 212,Daltonchester,Nigeria,2024-04-27
107,Juan Cole,thomasjessica@yahoo.com,218.991.3718x94905,795 Gomez Union Suite 420,Jessicashire,Eritrea,2024-01-26
108,Kenneth Douglas,donnawood@gmail.com,001-837-828-0512x927,723 Brown Greens,North Garyfurt,Lebanon,2024-07-31
109,Paul Patel,matthew41@yahoo.com,001-767-239-3852,06181 Bell Stream,Johnathanton,Anguilla,2025-04-04
110,Linda Shannon,kayla54@gmail.com,440-966-5044,3962 Rodriguez Plains,Robinsonville,United States Minor Outlying Islands,2024-11-16
111,Benjamin Duncan,fernandezaaron@hotmail.com,001-371-998-5546x01585,328 Tammy Shore Apt. 461,Tommouth,Saint Pierre and Miquelon,2024-05-05
112,Allison Davies,sandyjohnson@gmail.com,+1-407-390-3202x0417,79931 Ronald Valleys,Nguyenshire,Mayotte,2024-03-25
113,Ricky Duran,robert72@gmail.com,+1-348-676-3290x9279,0833 Valerie Court Suite 883,Townsendborough,Falkland Islands (Malvinas),2024-01-20
114,Brittany Anthony,kristenwashington@gmail.com,379.795.6353,36363 Thomas Oval,South Dustinmouth,Christmas Island,2024-10-05
115,Nathan Chen,belindatran@gmail.com,(587)439-7740x63356,0078 Ronald Lock,Pachecoville,Korea,2024-12-28
116,Nicole Steele,xlopez@hotmail.com,001-501-365-8046x498,085 Daniel Lakes Suite 905,Gregoryside,Romania,2024-01-31
117,Frances Fernandez,hmason@yahoo.com,+1-384-379-5137,41124 Heidi Parks Apt. 380,Robertside,Venezuela,2024-03-21
118,Jeremy Newman,michaelbryant@gmail.com,(284)722-2231,4523 Elizabeth Key,West Shane,Central African Republic,2025-01-27
119,Alexander Velazquez,owilliamson@yahoo.com,550-293-9834,718 Lee Island,Lake Michaelberg,Saint Barthelemy,2025-10-03
120,Jake Mitchell,carl96@gmail.com,(246)628-7923x26487,8730 Eric Hills Suite 146,South Rebecca,Oman,2024-06-17
121,Destiny Gamble,wfields@gmail.com,681-783-2192x8554,952 Derrick Haven,Kimberlychester,Guam,2025-11-24
122,Brittney Walker,gerald40@hotmail.com,332-823-4232,07603 Antonio Shoals,South Davidview,Aruba,2024-01-30
123,Paul Patton,ricejennifer@yahoo.com,001-880-813-8759x27125,361 Martinez Creek,South Kathryn,Romania,2024-07-20
124,Katherine Cruz,wilsonralph@hotmail.com,321-553-5396,749 Avila Unions Suite 579,Archerhaven,Fiji,2024-04-02
125,David Crawford,amy88@gmail.com,2612675677,427 Taylor Stravenue,Freemanville,Montenegro,2025-05-17
126,Michael Armstrong,hubbardcolleen@yahoo.com,(355)765-0333x49114,85076 Adams Square,Chapmanmouth,Honduras,2025-02-25
127,Brent Freeman,robbinsbelinda@hotmail.com,819-787-6351x484,6498 Powers Plaza,North Courtney,Maldives,2025-10-10
128,Christy Hayden,sadams@hotmail.com,993-863-1230x347,032 Taylor Green Suite 820,Caseyton,Tokelau,2025-11-05
129,Elizabeth Brown,mejialawrence@hotmail.com,(236)932-1234x7649,158 Wells Gateway Suite 257,Loritown,Oman,2025-11-12
130,Mary Everett,natasha60@yahoo.com,001-777-965-6124x81569,27206 Courtney Island,North Erichaven,Rwanda,2025-07-28
131,Melissa Sparks,brandonwilliamson@hotmail.com,(915)929-1086,33447 Anderson Walks,New Jason,Swaziland,2024-07-16
132,Jennifer Thomas,charles80@gmail.com,875.699.0048,528 Beverly Green Apt. 875,Andersonmouth,Russian Federation,2025-01-24
133,Bruce Williams,barrygreen@hotmail.com,(317)507-5877x71215,28499 Brandy Avenue Apt. 613,Rhodesmouth,Anguilla,2024-07-17
134,Leslie Bean,paynecarrie@gmail.com,323-661-0326x642,4925 Marilyn Passage Apt. 776,Adamschester,Bermuda,2025-07-19
135,Louis Hamilton,dphillips@hotmail.com,6817866179,180 Joy Mountain Apt. 260,South Nancyport,Germany,2025-03-10
136,Jerry Morton,hannah64@gmail.com,(403)510-3037,831 Carrillo Drive Suite 601,East Joanne,Kenya,2024-12-20
137,Jerry Sanchez,ricerobert@yahoo.com,846-271-7957,3757 William Radial,Sandramouth,Bulgaria,2025-10-25
138,James Butler,angelakidd@yahoo.com,(522)980-1561x931,5084 Melissa Well Apt. 077,North Kimberlyville,Swaziland,2025-02-18
139,Carol Wilson,christopherwatson@yahoo.com,+1-232-986-3266x6785,81155 Holden Expressway,Brownton,Panama,2025-11-25
140,Amy Welch,christopher85@yahoo.com,001-228-284-3188x4852,46810 Green Parkways Suite 101,Evanstown,Korea,2024-08-29
141,Virginia Cunningham,jenniferpoole@gmail.com,8628737158,767 Dennis Mall Apt. 282,Dawsonberg,Romania,2025-01-11
142,Joy Johnson,billy21@yahoo.com,(544)470-2296x044,18510 Olson Inlet Suite 567,Port Dillon,North Macedonia,2024-12-02
143,Chase Luna,ann18@gmail.com,+1-489-209-8378x018,39718 Morales Cape Suite 056,South Andrew,Marshall Islands,2024-08-12
144,Brian Garcia,jonathan10@gmail.com,001-899-337-8861x40578,63048 John Point Apt. 496,Millerhaven,Costa Rica,2025-08-09
145,Victoria Casey,brendadixon@gmail.com,001-789-714-1612x8463,743 Peterson Mount Suite 020,Smithtown,Peru,2024-04-22
146,Michael Burns,sharon70@gmail.com,9457319433,7930 Tracey Route,Rodriguezview,Montenegro,2025-01-01
147,Cory Rodgers,arichard@yahoo.com,+1-287-875-8030x46875,1903 Rosario Gateway,East Mark,Bahrain,2025-04-09
148,Jessica Johnson,ellisonscott@yahoo.com,+1-561-210-8046x6196,7699 Matthew Spring Apt. 785,North Curtis,Nepal,2025-06-16
149,Sara Strong,miguel08@hotmail.com,+1-520-938-8065x33315,599 Jensen Manor Suite 217,South Jeffreytown,Northern Mariana Islands,2024-05-31
150,Christy Castillo,hesterjames@yahoo.com,442.658.3230,26153 Bryant Land,Donnahaven,South Georgia and the South Sandwich Islands,2025-04-07
151,Austin Thomas,jessicamueller@hotmail.com,428-768-5787,777 Perkins Route Apt. 333,Royfurt,Cuba,2024-08-03
152,Kenneth Walls,cjohnson@gmail.com,+1-315-714-8881x4311,353 Wright Summit,Jamesberg,Timor-Leste,2025-07-16
153,Elijah Short,dsharp@yahoo.com,253-766-3778,240 Cochran Village,Matthewchester,Jamaica,2025-05-25
154,Michael Evans,christopher18@gmail.com,001-397-902-3164x334,8025 Myers Creek,New Robert,Samoa,2024-02-01
155,Sean Anderson,summerscassidy@gmail.com,497-877-9014x75469,96762 Phillip Cape,Port Eric,Turkmenistan,2025-04-10
156,Austin Barber,vjames@yahoo.com,(500)941-2577x7118,4220 Gregory Crossing,Jacksontown,Philippines,2024-07-09
157,Cassandra Klein,smithanthony@gmail.com,313.712.2068,393 Mcmillan Crest Apt. 315,Glennfurt,Palau,2024-08-11
158,Judy Jones,martinreid@hotmail.com,+1-571-250-9976x83890,3639 Brian Landing,Phillipsberg,Honduras,2024-05-16
159,Molly Hinton,isaiah01@yahoo.com,502.532.1298,7423 Roger Rest,West Justin,Kiribati,2025-04-16
160,Rachael Miller,ijones@hotmail.com,823.800.8576,7491 Dyer Crossing Suite 923,Kruegerstad,Malawi,2025-06-12
161,Jacob Brown,lsanders@gmail.com,662.864.4886,95243 Hale Avenue,Port Travis,Bhutan,2024-02-02
162,Matthew Quinn,christophermiller@gmail.com,250-693-7710,901 Alexa Avenue,Morrisonview,Venezuela,2024-12-21
163,Larry Rogers,qrobertson@gmail.com,+1-750-850-5739x7691,164 Jennifer Ways Apt. 271,Marisaside,Tunisia,2024-12-06
164,Tina Olson,sarahnguyen@yahoo.com,334-771-2871x539,686 Jeffrey Crescent Suite 111,Joyborough,Samoa,2024-03-09
165,Erik James,dustin09@yahoo.com,214.497.3746x05233,642 Amy Junction Suite 756,Jonesport,Finland,2025-06-02
166,Kimberly Davis,nicholasmcgrath@hotmail.com,(701)857-2018,630 John Overpass,Haileyburgh,Palau,2025-07-10
167,William Lambert,patrickcooke@hotmail.com,992-315-1826x0688,12920 Mcbride Crossing,East Baileyburgh,Benin,2025-02-18
168,Andrew Whitney,haileybates@gmail.com,7326432983,961 Green Run,South Stephen,Western Sahara,2024-06-24
169,Charles Harris,ojones@gmail.com,642-934-0163x61128,594 Lawson Causeway,West Stacey,Iceland,2024-04-28
170,Michael Kramer,lmann@yahoo.com,384.346.8341x465,312 Christopher Heights,Stokestown,Yemen,2024-11-03
171,Kayla Cuevas,emilymacias@hotmail.com,(815)428-5067,53814 Webb Greens Apt. 096,West Sarah,Norway,2025-01-13
172,Stephanie Charles,kaylawright@yahoo.com,(745)862-8417x722,3134 Dennis Manor,Rachelburgh,Papua New Guinea,2024-05-12
173,William Wilson,brettgallegos@yahoo.com,001-406-574-4716x3928,43637 Jacqueline Parkway Apt. 392,North David,Argentina,2024-07-09
174,Jessica Jensen,luiswilliams@gmail.com,4536474916,5411 Felicia Trail Apt. 555,Johnview,Cote d'Ivoire,2025-03-07
175,Brian Soto,robertdawson@hotmail.com,(671)461-7688x029,90367 Gabriel Terrace Suite 866,Jamietown,Cayman Islands,2025-02-26
176,Alexa Mcfarland,veronicaclark@gmail.com,+1-259-255-1842x6945,42408 Jennifer Spurs Suite 498,Port Scott,Greece,2024-07-05
177,Rhonda Mullins,andrew22@yahoo.com,+1-231-321-6376x182,0100 John Corner Suite 290,Port Danielmouth,Timor-Leste,2025-06-11
178,Karen Hart,andrewsimmons@gmail.com,+1-743-361-7213x1451,09226 Greene Springs Suite 249,Michaelville,Faroe Islands,2025-11-20
179,Timothy Cochran,duane52@gmail.com,(955)976-7695x2366,1968 Jacqueline Freeway,Aarontown,Guyana,2025-02-15
180,Thomas Brown,donald31@gmail.com,(422)272-8476x57041,282 Randy Manors,Spencerview,Uruguay,2025-02-26
181,Jeff Moore,kwilcox@gmail.com,(663)441-1159x503,39043 Danielle Bypass,West Christopher,Montenegro,2025-02-20
182,Rachel Williams,riverapeggy@hotmail.com,520.596.7904x22711,288 West Curve,Kellychester,Armenia,2025-10-31
183,Zachary Lawson,jonesjennifer@yahoo.com,447.921.9705x4669,955 Evelyn Parkways Suite 409,Lake Krystalside,Algeria,2024-04-08
184,Brooke Ross,jacquelinealvarez@yahoo.com,8822723590,7303 Stephanie Spur Suite 442,East Chadfurt,Belgium,2024-07-28
185,Joseph Caldwell,tammykim@hotmail.com,(908)493-1992x5502,1648 Vanessa Village Apt. 791,East Julieborough,Italy,2025-06-02
186,Cindy Clark,gregory92@hotmail.com,(946)349-1111x0961,904 Lewis Trail Suite 861,Port Terrence,British Virgin Islands,2024-09-07
187,Robert Padilla,matthew96@gmail.com,(439)860-9626x2658,28196 Hood Estate,Jamesland,Anguilla,2024-11-13
188,Leslie Johnson,rodriguezsara@gmail.com,(844)321-1753,61713 Brooks Island Suite 224,East Donnaton,British Indian Ocean Territory (Chagos Archipelago),2024-09-01
189,Lucas Payne,josepholson@gmail.com,001-684-877-6863x423,942 Stephanie Oval,Andradechester,Nepal,2025-07-12
190,Marcus Lawson,wgibbs@gmail.com,755.525.1050,538 Paul Rapids Apt. 831,Jenniferland,Montserrat,2025-11-02
191,Jeffrey Li,rogersallen@yahoo.com,(944)955-6185x79064,9103 Margaret Dam,West Michellechester,Czech Republic,2024-04-20
192,Stephanie Wood,karenbarron@yahoo.com,318.683.9774x573,158 Donna Street Apt. 117,East Alexanderborough,Lao People's Democratic Republic,2025-09-05
193,Brian Clark,thomasnancy@hotmail.com,707.624.0787,156 Edward Parkway,Romeroton,Kazakhstan,2024-07-08
194,Matthew Dennis,hillnicole@hotmail.com,(666)213-4732x3549,89743 Leslie Cliff,East Martin,Korea,2024-03-29
195,Jessica Smith,linda57@yahoo.com,(984)374-5705x458,802 Chase Shoals Apt. 570,New Joyce,Jersey,2024-09-14
196,Cheryl Blevins,keith07@hotmail.com,228.949.8247x414,49107 Smith Knoll,North Johnstad,Turkey,2024-07-17
197,Michelle Thomas,ushelton@hotmail.com,+1-434-826-8344x14978,28758 Mcdonald Meadow Suite 667,New Anthonychester,Benin,2025-07-19
198,Elizabeth Sanchez,shortariana@hotmail.com,9194803828,244 Linda Road,North Carlos,Cape Verde,2025-03-22
199,Danielle Garcia,lopezlori@hotmail.com,(988)737-7441,6176 Hernandez Haven Suite 196,New Kevinmouth,Armenia,2025-11-14
200,Mr. Nathan Hill,pjones@yahoo.com,892.398.8425x9959,23117 Morris Fort,North Rachel,China,2025-06-27
201,Jason Brown,ryanrice@gmail.com,001-301-730-2056,873 Ashley Mountains,Michaelside,Timor-Leste,2024-03-26
202,Lori Sawyer,reginald08@hotmail.com,001-774-200-5643,85037 Linda Port,West Tinachester,Netherlands Antilles,2025-07-06
203,Karen Anderson,russellsimmons@gmail.com,219.555.3560x331,890 Morgan Gateway Apt. 102,Whiteton,Germany,2024-09-06
204,Mrs. Jennifer Sandoval DDS,rhondaskinner@hotmail.com,283-615-2037x7107,641 Joshua Ridge Suite 706,Wallacebury,Costa Rica,2024-09-29
205,Kim Guerrero,francisco67@hotmail.com,(804)241-3845,4490 Kurt Shore Suite 427,Smithtown,Lao People's Democratic Republic,2024-01-07
206,Ryan Robinson,crystalthomas@hotmail.com,2315028795,440 Fernandez Cape,West Daniel,Madagascar,2024-11-18
207,Cynthia Nguyen,rodriguezjason@yahoo.com,001-589-853-6902x611,097 Stewart Fields,Rhondamouth,Ecuador,2025-08-21
208,Ethan Compton,qcraig@gmail.com,545-451-1668x297,21648 Newton Crossroad Apt. 602,East Zacharyhaven,Uruguay,2024-10-06
209,James Hawkins,ugraves@gmail.com,001-698-312-0995x76572,7509 Mitchell Lights,Katherineberg,Armenia,2025-09-02
210,Diana Hobbs,georgebernard@hotmail.com,907.405.3496,1176 Baker Way Apt. 415,Lake Lauraland,Greece,2024-04-09
211,Mark Hunt,owiggins@hotmail.com,272-872-7423x183,8932 Robert Greens,Welchbury,Northern Mariana Islands,2024-09-05
212,Troy Humphrey,donna56@hotmail.com,001-777-696-3044x83608,6766 Gaines Grove Suite 350,Sethbury,Montserrat,2025-10-20
213,Penny Rodriguez,rhonda81@hotmail.com,535.583.2863x42556,08186 Williams Haven,Andrewbury,Antigua and Barbuda,2024-07-08
214,Jamie Morales,bbennett@gmail.com,(384)974-8836x07658,063 Wood Port,Lake Lanceberg,Sudan,2025-04-12
215,Caroline Hancock,ugardner@hotmail.com,377-488-1161x62028,1067 Connie Pine,Taylorside,Italy,2024-10-15
216,Jessica Phillips,asmith@gmail.com,910.443.3187x5109,8350 Joshua View,Silvaport,Heard Island and McDonald Islands,2025-04-08
217,Justin May,douglasalvarez@gmail.com,302-587-6754,6754 Schmidt Rapids Apt. 242,Castrofort,Puerto Rico,2025-08-13
218,Justin Graham,ruth80@hotmail.com,2479604409,2781 Mike Ridge Apt. 221,Flowersville,Azerbaijan,2024-11-18
219,Shannon Ramirez,hilljames@hotmail.com,(304)948-5157,12125 Katie Turnpike,East Danamouth,Belgium,2025-10-21
220,Melanie Bender,burnsbeth@yahoo.com,+1-687-520-9628x9365,884 William Fords Suite 374,North Zacharyburgh,Lebanon,2024-03-27
221,Jaime Gray,dlamb@hotmail.com,001-266-573-4595x764,6496 Frank Expressway,Oliviahaven,Congo,2025-02-23
222,Felicia Choi,adam25@gmail.com,+1-463-776-7316,5469 Ferguson Key,Santiagoshire,Anguilla,2024-05-30
223,Jackie Morgan,bvaldez@gmail.com,767-304-6226x8171,25298 Parks Branch Suite 660,Ronaldville,Netherlands,2025-08-27
224,Richard Joseph,parrishsteve@gmail.com,+1-954-765-4084x24560,091 Dennis Place Suite 321,East Jessicafort,Jersey,2025-11-02
225,Jimmy Williamson,jennifer16@gmail.com,794.949.8830,4248 Cassandra Falls,Josephchester,Cote d'Ivoire,2023-12-24
226,Donald Ford,luis72@yahoo.com,338.526.4609x1785,4577 Eric Prairie Apt. 959,Perrytown,Sao Tome and Principe,2024-07-17
227,James Medina MD,luis51@hotmail.com,+1-458-888-6367x7472,85721 Carpenter Manor Suite 630,East Chelsea,Macao,2024-02-10
228,Frederick Wright,beckystevens@hotmail.com,232.278.1952x371,761 Rosario Stravenue Apt. 980,Castilloton,French Guiana,2025-08-31
229,Neil Williams,ellisjenna@gmail.com,454-675-7494x902,59544 Ashley Inlet,Marquezport,Cape Verde,2025-07-09
230,Ebony Cruz,alexandra67@hotmail.com,372.576.0153x43324,7908 Judith Lakes Apt. 615,West Angelaside,Tanzania,2025-07-07
231,Mrs. Lacey Wright,imarshall@gmail.com,+1-913-671-7173x1893,617 Brianna Roads,Gayview,Saudi Arabia,2024-10-21
232,Christopher Hunter,lsimpson@gmail.com,(741)975-8231x33484,493 Mario Fields,Floydburgh,New Zealand,2025-05-07
233,Kelli Wells,schmittmichael@gmail.com,001-540-533-4450x56658,1132 Sharp Stravenue Suite 067,West Valerie,Namibia,2024-09-26
234,Margaret Hill,angela40@gmail.com,001-615-657-3257x37553,16667 Marie Circle,Allenchester,Antigua and Barbuda,2025-01-04
235,John Andrews,wangryan@yahoo.com,625.212.9578x606,03562 Foley Prairie Suite 873,Patriciashire,Cape Verde,2024-05-04
236,Catherine Johnson,jamesmartin@yahoo.com,550.827.1607,7633 Lawrence Crossing,East Williamshire,Saint Kitts and Nevis,2025-01-14
237,Christine Shepard,michael41@yahoo.com,+1-243-416-7045x0232,70093 Watson Mall,South Gerald,Vietnam,2025-01-15
238,Rita White,ericsmith@gmail.com,(611)477-6872x90477,859 Tim Summit Apt. 238,Port Sheri,Czech Republic,2025-05-05
239,Michelle Campbell,tiffanysmith@hotmail.com,526.850.9775,79487 Julie Shoal Suite 524,Lindsayfort,Sierra Leone,2025-02-08
240,Michael Peterson,raymondpugh@hotmail.com,(230)735-8929,825 Craig Expressway,Port Sarah,Saint Barthelemy,2024-04-06
241,Donald Haley,jason99@gmail.com,001-762-327-2362x66933,2619 Jamie Divide,Kathleentown,Northern Mariana Islands,2024-03-10
242,Raymond George,john76@yahoo.com,+1-914-544-8564x5101,96417 Obrien Ways Suite 091,New Codybury,Guyana,2025-03-04
243,Nathan Williams,michael55@gmail.com,405.974.2388x565,5983 Poole Courts,Lake Richardfort,Northern Mariana Islands,2024-05-02
244,Scott Washington,regina84@hotmail.com,(669)413-1196,562 Garcia Street Suite 991,Yvonnemouth,Sweden,2024-01-10
245,Mary Hill,amassey@hotmail.com,001-636-728-9696,5535 Jones Square Apt. 538,North Tina,Slovenia,2025-01-07
246,Brian Mckenzie,huangthomas@hotmail.com,851-449-4097,74845 Ashley Wells Suite 289,Michelleton,Rwanda,2025-07-18
247,Raymond Jones,yballard@hotmail.com,(952)314-5264,6335 Matthew Terrace,New Jonathanton,Moldova,2024-01-24
248,Aaron Galloway,lisawallace@hotmail.com,+1-414-341-5298,92957 Bowers Crescent Apt. 535,East Susan,Liechtenstein,2024-05-04
249,Anthony Haas,sheryl66@yahoo.com,870-671-5879,0803 Kurt Radial Apt. 508,North Tammyfurt,Comoros,2024-09-08
250,Melinda Hamilton,glassadam@gmail.com,626-535-6022x93946,0666 Kirby Field Suite 490,Williamsmouth,Brunei Darussalam,2025-05-07
251,Ashley Moore,apriljohnson@yahoo.com,730-962-1136,9083 Jenny Cape,East Matthewview,Uruguay,2024-04-24
252,Steven Brown,rodriguezcameron@hotmail.com,2928550213,069 Melody Track,New Amytown,Pakistan,2025-09-10
253,Matthew Campbell,nicole50@yahoo.com,820-976-8362x5366,6755 Ortega Dale Apt. 333,Port Jessica,Slovenia,2025-04-03
254,Joshua Gallagher,cwhite@gmail.com,569.424.9269,7327 Bishop Track Apt. 111,North Samanthaton,Greenland,2025-10-02
255,Stephanie Harris,rgraves@hotmail.com,812.971.0267,95799 Seth Brooks,Pottsshire,Guatemala,2025-10-27
256,Stephen Jones Jr.,xfrey@yahoo.com,248.607.5203x44765,158 David Road Apt. 904,Gonzalezfort,Hong Kong,2024-10-06
257,Debra Brooks,johnsondavid@gmail.com,225-212-9311,129 Welch Isle Apt. 910,East Samantha,Vanuatu,2024-02-11
258,Tiffany Smith,josehumphrey@hotmail.com,001-811-632-5326x949,4538 Diana Springs,Juanburgh,Bahrain,2024-01-26
259,Stephanie Brown,shannon75@yahoo.com,001-875-983-3920x56775,2266 Morgan Turnpike Suite 626,Alexisburgh,Canada,2025-03-14
260,Alexis Kennedy,jfranklin@gmail.com,436.670.4254x9691,525 Brown Mission Suite 633,Haleymouth,North Macedonia,2025-11-20
261,Justin Ray,cindymiller@yahoo.com,+1-541-276-3425x073,9782 Frye Oval Suite 983,New Cassie,French Polynesia,2025-07-01
262,Chloe Lindsey,jgarrett@gmail.com,451.747.4397x429,05875 Leslie Stravenue,Piercechester,Oman,2024-08-17
263,Louis Hodges,matthew65@gmail.com,(680)586-6281x3721,80037 Bobby Trace,East Stephanie,Burundi,2025-01-01
264,Peter Santiago,amandaherman@hotmail.com,648-858-6239x4535,470 Morrison Run,Harrisville,Armenia,2024-10-05
265,Shelly Gonzalez,stephen69@gmail.com,689.243.1910x0900,6921 Micheal Rue Apt. 651,Roberttown,French Southern Territories,2025-07-30
266,Elizabeth Baker,rodriguezjenny@yahoo.com,001-884-240-9712x316,6762 Barbara Cape,Port Nancyport,Saint Helena,2024-12-16
267,Allison Nelson,nathanielwinters@hotmail.com,+1-925-756-2965,78656 Carrie Dam Suite 577,North Matthew,Uruguay,2025-10-07
268,Kimberly Collier,scottandrea@gmail.com,857.515.5868,613 Moore Square Apt. 081,Thomasland,Puerto Rico,2024-08-04
269,Elizabeth Clark,eharvey@hotmail.com,001-907-807-5504,9957 Norman Oval,South Johnnyland,Belize,2024-06-17
270,Nicole Allen,kingdavid@hotmail.com,(374)420-4956,77306 Kelsey Cape,Ianmouth,Tonga,2025-05-23
271,Jeremy Haynes,fjones@yahoo.com,(576)983-2102x192,471 Brandi Crescent Apt. 332,Deanfurt,Algeria,2024-09-23
272,Alexandria Warren,elizabethhodge@gmail.com,578-619-2365,60560 Emily Landing Suite 793,South Christina,Somalia,2025-01-08
273,Pedro Moore,stodd@hotmail.com,+1-799-392-7517,444 Lawrence Islands Apt. 935,Jamesmouth,Maldives,2025-05-18
274,Kyle Santiago,rwashington@hotmail.com,+1-852-249-1416,47789 Dixon Manor,West Brent,Japan,2025-04-10
275,John Hughes,morganclaudia@yahoo.com,(733)539-9948x53208,3890 Christopher Streets,Lisaville,Bhutan,2024-06-18
276,Joe Martin,wjohnson@yahoo.com,+1-776-485-5078x96793,626 Jeffery Knoll,Hillport,United Arab Emirates,2024-06-06
277,John Johnson,jeremy54@yahoo.com,(739)289-8306,21980 Miller Glens,Hernandezberg,Togo,2024-11-12
278,Cody Ortiz,jonescraig@gmail.com,278-752-2823,8088 Phillip Expressway,South Ericberg,Dominican Republic,2025-10-09
279,Douglas Sanchez,kristin96@yahoo.com,(828)872-0319x54196,0573 Jason Trail Apt. 792,Randyberg,Andorra,2025-11-08
280,Dawn Ross,vjones@gmail.com,920.812.8400x83850,759 Mitchell Center Apt. 776,Lake Kimberlyshire,Madagascar,2024-01-31
281,Jamie Guerrero,ronaldcarroll@gmail.com,920-347-1372,759 Jefferson Green,Crystalmouth,Malta,2024-04-08
282,Richard Sanchez,cranekevin@yahoo.com,(783)833-7218,9541 Francisco Orchard Apt. 506,Briggsberg,Israel,2024-12-11
283,Jacqueline Parker,erik59@yahoo.com,411-202-8671,2024 Shelton Views,Elizabethland,Armenia,2024-04-16
284,Andrew Aguilar,eric81@yahoo.com,640.665.2775,3453 Steven Squares Apt. 010,East Danielmouth,Brunei Darussalam,2024-04-03
285,Faith Flores,ubowers@yahoo.com,465-592-0246x17520,3260 Crystal Station Suite 955,North Timothyhaven,Cook Islands,2024-05-21
286,Mary Doyle,wellsnatalie@yahoo.com,001-535-693-7440,0830 Stephanie Mission Apt. 606,North Leahview,Mauritania,2025-09-02
287,Sean Oconnor,amygonzalez@hotmail.com,653-670-1242,63251 Collins Plains Apt. 121,East Cameronview,Christmas Island,2024-03-07
288,Jonathan Conley,timothymiddleton@hotmail.com,5569618632,378 Hughes Row,Jameston,Argentina,2024-11-25
289,Heather Huerta,jsnyder@hotmail.com,419-605-3486x40104,45618 Jones Inlet Suite 600,Markland,Trinidad and Tobago,2024-03-25
290,Anna Baker,collinsnatalie@gmail.com,340-621-1901x70756,831 Jackson Run,Lake Lisafort,Cuba,2025-06-28
291,Tina Shields,joseph91@hotmail.com,397-501-6934x292,033 Jessica Spur,Andersonborough,Falkland Islands (Malvinas),2024-03-06
292,Michelle Greer,jamiegomez@hotmail.com,977.446.0406,78436 Nicole Divide,Joshuachester,Seychelles,2023-12-20
293,Joseph Willis,jennifer84@hotmail.com,484-960-1913x443,05869 Smith Fields,North Jessica,Saint Helena,2025-07-25
294,Robert Willis,garciapaula@gmail.com,4375681187,51040 Martinez Harbors,Orozcoland,Guam,2025-11-26
295,Anna Wright,khawkins@gmail.com,490-543-2230,24707 Christine Bypass,Lake Rhondaborough,Haiti,2025-04-10
296,Jeffrey Watts,jennifer88@hotmail.com,672-598-9376x29745,64687 Nancy Crescent,North Jerry,Reunion,2025-01-27
297,Jennifer Banks,ana20@yahoo.com,823.318.2971,2450 Kathy Tunnel Apt. 001,Frederickshire,Belgium,2024-02-12
298,Renee Gonzales,gregoryhines@hotmail.com,2562708670,436 Fields Corners,Jenniferview,Marshall Islands,2024-04-04
299,Bryce Gutierrez,davidbrown@gmail.com,(548)518-8044x2877,381 Adams Drives Apt. 269,Jessicahaven,Montserrat,2025-04-24
300,Christopher Sanchez,jenniferwood@hotmail.com,(643)601-7646,15388 Maria Harbor,Jessicaberg,Lao People's Democratic Republic,2025-03-27
301,Gina Roberts,daviscarol@hotmail.com,001-818-709-3391x3732,60119 Chang Islands,Davishaven,Togo,2024-10-21
302,Cathy Hoover,hornerebecca@gmail.com,+1-636-359-5201x49118,36875 Brenda Throughway Suite 322,New Carolyn,Cameroon,2024-02-05
303,Frances Barnes,wilsondavid@gmail.com,208.835.6691,715 Cory Extensions,West Priscilla,Guinea-Bissau,2024-01-19
304,Clifford Armstrong,vdeleon@yahoo.com,788.926.0335x9101,085 Linda Heights,North Jennifer,Korea,2024-06-25
305,Linda Armstrong,annette40@hotmail.com,001-493-823-1234,806 Veronica Mountains Apt. 617,Comptontown,Norway,2024-11-17
306,Emily Hahn,dunnmelinda@gmail.com,001-858-726-4186,130 Stokes Courts Apt. 385,Tinaville,El Salvador,2025-09-25
307,Jennifer Hernandez,millerjames@hotmail.com,6013680941,76283 May Road Apt. 053,Josephfort,Kazakhstan,2024-11-17
308,Anthony Hahn,hammondjoseph@yahoo.com,+1-584-713-3373x12552,78170 Melissa Expressway Apt. 192,South Danielchester,Dominica,2025-09-10
309,Jon Berry,evelyncollier@yahoo.com,+1-212-477-8221,9821 Jose Manor,New Amy,Saint Pierre and Miquelon,2025-09-14
310,Michael Kim,hpowell@yahoo.com,001-406-373-6820x506,35521 Shelton Shoals,Alexismouth,Mauritius,2024-11-21
311,Jennifer Hernandez,bentondavid@gmail.com,309-338-6948x42495,7887 Heather Mill Apt. 523,Westfort,Congo,2025-01-31
312,Lisa Hill,gibbsamanda@hotmail.com,8628350405,790 Emily Expressway Suite 825,Josephburgh,Vietnam,2025-01-19
313,James Taylor,kjackson@gmail.com,001-333-858-9513,0784 Herring Points Suite 095,Mejiaport,Sweden,2024-06-30
314,Elizabeth Hanson,maria31@gmail.com,(859)936-7813,09421 Clements Turnpike Apt. 052,Reyeshaven,Yemen,2024-03-13
315,Larry Conley,william48@hotmail.com,001-396-855-9428x2491,20002 Watson Forks Apt. 132,Port Markmouth,Bangladesh,2024-05-19
316,Karen Boyd,ahernandez@gmail.com,425.543.1832x81231,049 Brian Streets,North Aprilchester,Estonia,2024-12-24
317,Kristen Cooper,christinedixon@hotmail.com,468.331.6082x717,337 Sara Shoal Apt. 052,East Barbara,Montenegro,2025-11-15
318,Sierra Moses,lukecase@yahoo.com,277-773-2643,9791 Patricia Rapids Suite 029,South Chad,Azerbaijan,2024-08-23
319,Linda Wolf,kathleen79@hotmail.com,288.297.5358x52386,44361 Rodriguez Cliff,Maryburgh,Zimbabwe,2024-05-21
320,Brittany Ray,schultzjessica@gmail.com,(317)367-2019,6122 David Stravenue,South Derekmouth,Panama,2025-07-08
321,Craig Dean,sandraheath@hotmail.com,222-594-6209x35561,97013 Wilson Harbor Apt. 658,Amberfurt,Gambia,2025-07-24
322,Alyssa David,fhall@yahoo.com,(299)807-1669,24815 Green Way,Port Natalie,Norfolk Island,2025-04-21
323,Michelle Mitchell,iskinner@yahoo.com,(501)308-0181x03068,4172 Black Plains Apt. 815,Rodriguezshire,Antarctica (the territory South of 60 deg S),2025-10-14
324,Dr. Julie Gonzalez,iwhite@hotmail.com,(776)569-4703x180,627 Massey Lock,Morrowland,Guinea,2025-03-08
325,Sandra Lyons,griffintodd@yahoo.com,200-749-3881x949,152 Jonathan Rest,Port Brittanyfort,Vanuatu,2025-11-17
326,Joseph Vasquez,pduncan@gmail.com,(356)923-8994,42620 Tanner Passage,Weissside,Tanzania,2024-04-21
327,Amy Moore,sarah80@gmail.com,(944)782-2175x8839,82004 Robert Island Suite 123,Elliottport,Nepal,2024-10-18
328,Mary Villa,adamsbrianna@gmail.com,941-596-1560,4883 Sharp Knoll,Port Sarahshire,South Georgia and the South Sandwich Islands,2025-10-07
329,Mark Dyer,tinakelly@gmail.com,+1-564-288-2089x3486,46728 Guzman Cliff Suite 091,West Charlesville,Namibia,2025-11-04
330,Nicole Greene,kimberly02@yahoo.com,001-247-824-1916x50344,77182 Wheeler Ports Apt. 880,Murrayside,Cameroon,2024-02-23
331,Devin Black,haley15@yahoo.com,550-811-9292x075,1171 Vega Circle,Port Caitlin,Sao Tome and Principe,2025-07-31
332,Ernest Jenkins,rfleming@hotmail.com,+1-766-876-0564x204,7580 Patton Inlet Suite 338,South Davidstad,Eritrea,2025-08-21
333,Richard Dickerson,kellyrichmond@yahoo.com,674.362.5916x0112,8488 Holder Avenue,North Thomashaven,Indonesia,2024-12-17
334,Carl Baxter Jr.,idelacruz@gmail.com,+1-352-554-8242,5400 Scott Shoal Suite 475,Port James,Turkmenistan,2024-02-07
335,Cheryl Michael,ecohen@yahoo.com,001-208-801-9630x453,8824 Mark Forks,Alexanderville,Malaysia,2024-02-01
336,Jonathan Palmer,maydebra@hotmail.com,839-412-8788x48699,5792 Garcia Villages,Beckerview,Honduras,2024-06-07
337,Shannon Downs,kmora@hotmail.com,(388)209-8322,23200 Heather Lights,Hamiltonville,Aruba,2025-11-15
338,Lynn Powers,daniellemiller@hotmail.com,8747682354,03076 Adam Viaduct,Sherryshire,Hong Kong,2024-11-13
339,Stephanie Williams,nwilliams@gmail.com,001-883-466-8348x26899,708 Amber Point Apt. 787,West Anthonyshire,Japan,2024-04-28
340,Billy Gibson,bowersmichael@hotmail.com,877-474-1274,88241 Case Mews,Gregoryberg,Netherlands,2024-12-14
341,Benjamin Brown,aaronlane@gmail.com,(270)990-0163x564,24728 Samantha Ridge,Paigeview,Albania,2024-01-24
342,Marissa Gaines,theresa92@yahoo.com,915-226-1053,00716 Becker Avenue,Scottland,Turkey,2025-01-04
343,Garrett Carter,tiffanyharris@yahoo.com,+1-713-810-4502,217 Lewis Tunnel,Samuelhaven,Serbia,2025-10-24
344,Tamara Fisher,tammy53@yahoo.com,+1-846-728-0550x7740,551 Woodward Estate Apt. 920,New Sharonmouth,Botswana,2024-01-12
345,Eric Johnson,mcdanielgregory@hotmail.com,(795)735-4120x1227,26015 Matthew Wall,West Tammy,Palau,2025-05-26
346,Steven Morgan,taramejia@gmail.com,001-691-304-5203x608,491 Veronica Junction,New Michael,Senegal,2025-07-14
347,Melissa Peterson,wendymason@hotmail.com,(233)294-4953,7625 Smith Estates Suite 017,South Lawrence,Bulgaria,2025-11-07
348,Brian Medina,kellyadam@hotmail.com,(284)630-2116x67329,5988 Morris Port Apt. 129,Collinsfurt,Aruba,2024-06-06
349,Regina White,whiteryan@gmail.com,+1-392-815-8189x7059,86385 Pierce Common,Ashleymouth,Portugal,2024-12-09
350,Anna Hawkins,michelle18@gmail.com,001-472-400-2839x4823,1447 Pena Street,Lake Michelle,San Marino,2024-03-04
351,Tiffany Ward,nathanlee@gmail.com,265-706-4630,7756 Cheryl Fork,Port Chad,Angola,2025-04-29
352,Ann Fleming PhD,ashleysolis@gmail.com,(570)880-5685x66706,98655 Kevin Heights,Kevinton,Kazakhstan,2024-11-09
353,Michael Jacobs Jr.,shelley85@yahoo.com,(318)880-8799,341 Baker Flats,Lindaberg,Saint Helena,2024-07-15
354,Mr. Jacob Brown,michelle69@hotmail.com,957.669.4535x3659,9861 Clark Harbors Apt. 125,Mitchellside,Qatar,2025-11-14
355,Tammy Giles,johnfrank@hotmail.com,826-314-0489x332,4307 Robinson Trail Suite 310,New Debbieville,Lithuania,2025-12-09
356,Charles Martinez,rgreen@hotmail.com,901.973.2086x5237,665 Lopez Mountain,North Joshuaton,Oman,2025-09-12
357,Lori Howard,colemancassandra@gmail.com,001-813-768-1720x313,286 Rebecca Burg Apt. 973,Davidstad,Nicaragua,2024-09-08
358,Brittany Hernandez,ddavis@hotmail.com,5828697182,07126 Michael Vista,New Erica,Norfolk Island,2024-04-30
359,Mrs. Rebecca Mccoy,jenniferortega@hotmail.com,(525)760-6295,3731 Amanda Groves,Suttonfort,Falkland Islands (Malvinas),2024-02-29
360,Maureen Perez,krystal05@yahoo.com,001-312-715-1641,4091 Vargas Forest Suite 787,Lindaton,Lesotho,2025-08-25
361,Alicia Jackson,charlessimmons@yahoo.com,992-827-6075,39431 Crystal Light Suite 430,Hunterville,Cameroon,2024-01-14
362,Andrea Wilkinson,tfoster@hotmail.com,001-767-864-9797x41636,5006 Michael Square,South James,Namibia,2025-07-06
363,Mr. Luis Mccarty,bcraig@yahoo.com,859-748-9895,6345 Baxter Highway Apt. 441,Cherylfurt,Montenegro,2025-11-29
364,Dana Thornton,cory21@gmail.com,001-772-602-1707,46557 Michele Crossroad Apt. 300,Joshuachester,Thailand,2024-08-02
365,Charles Carr,farellano@hotmail.com,814.858.4345,13885 Nicole Hill,East Maria,Cayman Islands,2025-12-03
366,Danielle Collins,ashleyramirez@hotmail.com,(217)674-1743,0238 Valentine Estates,Port Angie,Western Sahara,2024-07-14
367,Christopher Walton,jamessmith@gmail.com,746.277.1167,2799 Potter Island Apt. 024,Jasonland,Western Sahara,2025-11-10
368,Morgan Hawkins,brian64@hotmail.com,217.875.4619x924,838 Moore Springs Suite 258,East Ericton,Spain,2025-03-08
369,Peter Campbell,toni86@hotmail.com,4177074039,994 Thompson Island,South Curtisburgh,Cambodia,2025-11-12
370,Paul Wright,bwiley@yahoo.com,878.799.5047x02059,537 Scott Squares,South Ronald,Palestinian Territory,2024-05-20
371,Linda Stewart,edwardmitchell@gmail.com,001-463-802-9559x63637,420 Bennett Isle,Cindytown,Oman,2025-05-12
372,Daniel Rodriguez,dawsonamanda@yahoo.com,(287)864-0191x85488,2006 Ashley Parkway Suite 787,Port Lee,Greece,2025-08-03
373,Douglas Berg,mitchellcheryl@hotmail.com,947-489-1179,999 Johnston Pine Apt. 283,Lake Andreaton,Cyprus,2025-10-19
374,Alex Watts,john83@hotmail.com,2582269299,8627 Mahoney Walks Apt. 283,Nunezborough,Croatia,2025-09-02
375,Paul Wagner,dudleyjames@hotmail.com,(733)492-1883,918 Nguyen Track Apt. 677,Daviston,Jamaica,2025-07-18
376,Christopher Walters,iriley@hotmail.com,+1-745-872-0266,95912 West Inlet Apt. 553,Emilytown,Serbia,2024-11-19
377,Kerry Franklin,gina94@yahoo.com,583-698-4167,536 Wendy Highway Apt. 445,Port Cassidyhaven,Sri Lanka,2024-10-11
378,Carolyn Houston,nancyballard@yahoo.com,288-439-9741x8563,0003 Erin Stravenue Suite 619,Deannatown,United States Minor Outlying Islands,2024-09-12
379,Justin Saunders,ronaldoneal@gmail.com,844.944.2990,568 Cardenas Landing Apt. 406,Port Kimberly,Brazil,2024-08-17
380,Jeffrey Woods,jasonreid@hotmail.com,504.874.7648x455,13835 Tracy Common Apt. 455,North Gabriel,Switzerland,2025-10-09
381,Danielle Anderson,henrybarnett@gmail.com,(925)316-1857x591,0805 Greene Green,Gibsonview,Latvia,2024-06-05
382,Howard Thomas,morenorobert@gmail.com,438.392.6087,78730 Wilcox Mews Apt. 515,North Sean,Gambia,2024-10-22
383,Daniel Murphy,yramos@gmail.com,(891)643-3629x9946,99990 Daniel Place Suite 739,New Rebeccamouth,Central African Republic,2024-02-21
384,Jennifer Boyd,kirbybrett@gmail.com,997.389.1248x839,59844 Cochran Turnpike Suite 367,New Wanda,Mali,2024-02-29
385,Claudia Johnson,griffinbarbara@yahoo.com,(786)269-3351,053 Emily Brooks Apt. 193,North Johnside,Brunei Darussalam,2025-10-02
386,Matthew Edwards,wharris@yahoo.com,213.258.9693x353,561 Chen Highway Suite 315,Hooverbury,Myanmar,2024-12-22
387,Rachel Wilson,dtucker@gmail.com,+1-496-366-0534,4161 Patricia Road Suite 535,Robertview,Armenia,2024-09-24
388,Maureen Payne,candrews@yahoo.com,(649)709-2288x4987,35872 Martinez Grove Apt. 068,Port Danielfurt,Taiwan,2025-09-16
389,Ralph Johnson,richardjuarez@yahoo.com,213-409-0915x386,2542 Sandra Cliff,Port Molly,Uganda,2024-02-14
390,Heather Murray,douglashill@yahoo.com,001-487-426-4963,74224 Joseph Square Apt. 261,New Mariaton,Argentina,2024-05-07
391,Jeffrey Watts,smithsteven@hotmail.com,2019732590,713 Destiny Extension,North Daniel,Mauritius,2025-09-01
392,Patrick Kennedy,richardlucero@gmail.com,244.422.5216,39412 Brandy Inlet Suite 726,East Emilychester,Norway,2025-04-08
393,Danny Anderson,floressarah@hotmail.com,626-986-4986,623 Gray Circle Apt. 884,Stephentown,Malawi,2025-07-13
394,Mary Bray,amber86@yahoo.com,6828139865,02123 Parks Summit,Port Alexis,United Kingdom,2024-08-21
395,Pam Smith,vbradley@hotmail.com,227.837.9897,548 Sherri Way,Castilloview,Iceland,2024-06-17
396,Tammy Cabrera,mark29@yahoo.com,6348015353,75699 Campbell Squares Suite 667,Lake Brian,Azerbaijan,2025-02-09
397,Maria Smith,ubaker@gmail.com,253.264.2357,29182 Rodriguez Crescent Suite 125,Anneport,Papua New Guinea,2025-10-12
398,Andres Marshall,fjones@gmail.com,+1-248-650-7665x3446,76346 Daniel Corners,Joelstad,Luxembourg,2025-06-20
399,Mrs. Sarah Green,sarah62@gmail.com,697-968-7849,29035 Benjamin Coves Suite 897,Teresaberg,Dominica,2024-08-09
400,Eric Parker,laurie11@gmail.com,001-897-538-8182x730,59488 Jennifer Pines Suite 968,South Richardtown,Guatemala,2025-09-27
401,Wendy White,dbrown@gmail.com,2313978999,0034 Li Garden,Port Hannahville,Namibia,2025-09-08
402,Justin Williams,fullerchase@yahoo.com,958.221.0728,79037 Sonia Coves Suite 088,Port Christinaberg,Bulgaria,2025-11-03
403,Sherry Chapman,kristen78@gmail.com,(344)832-3622,9685 Green Shores,Smithmouth,Pitcairn Islands,2025-05-23
404,Manuel Wilson,patricia24@gmail.com,001-219-283-9248x4813,69105 Brandon Courts Suite 167,Kathrynside,Iceland,2025-06-04
405,Robert Hall,amyjones@yahoo.com,812-239-5978x15542,36024 Graham Street Suite 467,Thomasstad,Bahrain,2024-11-16
406,Christina Serrano,janice26@gmail.com,001-425-646-8627,6642 Sean Lane,East Timothy,Bangladesh,2025-10-07
407,Christine Kelley,gregorybenson@yahoo.com,540.850.8927,9764 Leon Springs,Robertton,Saint Pierre and Miquelon,2024-12-11
408,Gerald Scott,gregoryschneider@yahoo.com,317-857-6917,42985 Keith Villages,Raybury,Antigua and Barbuda,2024-09-26
409,Sara Moses,oneillshannon@gmail.com,563-570-5004,7244 Lane Walk,Port Lindseyburgh,Mongolia,2024-07-13
410,David Peters,mooreashley@yahoo.com,(404)996-0266x765,453 Baker Summit,Andrewtown,Madagascar,2025-10-07
411,Aaron Goodman,ramirezamy@gmail.com,422.553.3320,02555 Daniel Stream Apt. 545,East Melissashire,Madagascar,2025-09-01
412,Daniel Lee,karen65@hotmail.com,+1-620-712-3763x177,10629 Davidson Port Apt. 759,New Davidfurt,Kiribati,2024-02-07
413,Jacqueline Sharp,leslie24@gmail.com,(311)653-5505,219 Kevin Shores,New Melissafort,United States Virgin Islands,2025-03-13
414,Dean Jacobs,yvasquez@hotmail.com,732.299.8651,7846 Brown Pike,Danastad,Saint Pierre and Miquelon,2025-01-22
415,Kimberly Kaufman,kjackson@gmail.com,(801)582-5624x728,01223 Miller Port Apt. 900,Fostermouth,Armenia,2024-03-23
416,Dennis Guerra,dennisevans@yahoo.com,493-960-0608,056 Ross Spur Suite 076,South Juan,Russian Federation,2025-01-21
417,Kenneth Perez,sheilabaldwin@yahoo.com,841-237-2776x857,349 White Cape Suite 617,Micheleville,Malawi,2025-02-09
418,Brandon Mathis,laura86@hotmail.com,290.625.4853x626,38641 Tiffany Alley Suite 385,Timothyview,China,2024-02-18
419,David Deleon,stephenfoster@yahoo.com,+1-575-864-6726,4185 Shawna Drive,Alvarezburgh,Morocco,2025-09-24
420,Kelly Cook,bwade@yahoo.com,001-218-922-2667x941,3859 Paul Terrace Apt. 963,Erinburgh,Qatar,2025-01-13
421,Alexander Anthony DDS,dharris@gmail.com,001-429-907-3992x89198,265 Kendra Fort,Davistown,Martinique,2024-11-02
422,Christopher Matthews,jensenlori@yahoo.com,6545982438,217 Robert Parkway,South Cynthiaview,Panama,2024-05-30
423,Maria Carpenter,brad03@gmail.com,+1-480-681-7262x8296,500 Thomas Parkways Suite 927,Christopherchester,Mauritius,2023-12-11
424,Michael Ball,marklarson@hotmail.com,(645)487-0120,53690 Sheila Drives Apt. 753,East Andreaview,Montenegro,2024-11-24
425,Timothy Brown,morganwilcox@yahoo.com,482.515.9773x85466,60667 Campbell Cliffs,West Bonnie,Montenegro,2025-09-04
426,Dr. Melvin Thompson,jaimecooper@hotmail.com,+1-929-998-3358x768,256 Kevin Gateway Suite 820,Paulabury,Bhutan,2024-08-20
427,Nichole Cherry,jessica91@gmail.com,903-489-7528,986 Wall Lights,Ernestberg,French Polynesia,2025-11-14
428,Tracy Banks,banksmeredith@yahoo.com,(801)875-3079,695 Hernandez Track,Melissatown,Georgia,2024-06-19
429,Bryan Martin,tammythomas@yahoo.com,+1-599-619-3873x370,4474 Kimberly Park,Johnsonside,Israel,2025-10-12
430,Emily Jones,michael34@gmail.com,385-780-5581,4965 Carrie Crescent Suite 077,North Justinshire,Ecuador,2025-11-02
431,Emma Collins,katierodgers@gmail.com,458.786.4078x80265,4693 Jennifer Junctions,Andersonton,Venezuela,2024-05-05
432,Samuel Gordon,vgarcia@hotmail.com,+1-358-305-2632,47220 Perez Mountains Apt. 774,Jenniferport,Lesotho,2025-06-26
433,Meghan Shelton,aanderson@gmail.com,796-905-3026x18402,36860 Reilly Center Suite 306,Allentown,Heard Island and McDonald Islands,2024-01-13
434,Stacy Miller,franklinmatthew@hotmail.com,001-875-297-9531x92600,5745 Shepherd Roads,North Luis,San Marino,2025-02-14
435,Timothy Perez,edwardsrick@gmail.com,(816)224-8607x04726,51585 Chad Flat,North Scottland,Jamaica,2024-12-30
436,Amy Rose,heather79@gmail.com,001-571-891-8986x6469,1833 Reeves Park Suite 876,West Gloriaton,Sierra Leone,2024-05-02
437,Melissa Abbott PhD,rlewis@gmail.com,001-564-440-2825,6992 Martin Mountains Apt. 923,Deniseton,Burkina Faso,2024-06-12
438,Anna Barker,marshtimothy@yahoo.com,545-326-0756x99913,64332 Kiara Meadows,East Trevor,Lao People's Democratic Republic,2024-12-06
439,Angela Tanner,christopher07@hotmail.com,001-802-474-0675x8267,062 Megan Gardens Suite 385,Wareview,Yemen,2024-10-24
440,Jo Edwards,lisa04@hotmail.com,+1-432-366-4322x39461,898 Donna Cove,Christinaside,Venezuela,2024-08-29
441,April Jones,matthewespinoza@hotmail.com,001-971-288-8223x788,841 Boyd Lights Apt. 349,Richardmouth,San Marino,2025-02-28
442,Paul Nguyen,garciamarcus@yahoo.com,786.345.7865x557,7640 Brian Pine,Morganchester,Sri Lanka,2025-01-25
443,Amy Jones,bbarr@gmail.com,001-635-470-1703x63094,602 Laura Isle,New Cherylside,Czech Republic,2024-01-02
444,Daniel Contreras,evansrobin@yahoo.com,(267)748-0957x394,60294 Thomas Well,Port Jesusland,Guinea,2025-11-16
445,Diana Skinner,palmerronald@yahoo.com,823.408.8295x86841,326 Jillian Lake,Moranview,Chad,2024-11-30
446,Eduardo Black,lorraine94@yahoo.com,+1-590-962-3272,9890 Nicole Forks,Sheltonshire,Azerbaijan,2024-01-06
447,Don Lloyd,cameronkaitlyn@yahoo.com,659-715-7908,68384 Jenkins Pine Apt. 207,Millerbury,Nauru,2024-10-15
448,Taylor Hartman,marksbrandon@hotmail.com,572.598.2689,864 Morse Gardens Suite 067,Stevechester,Tokelau,2025-01-15
449,Mrs. Heather Griffin PhD,zacharypage@yahoo.com,3456883114,12350 Richard Mills Apt. 568,Lake Benjaminmouth,Turkey,2025-10-17
450,Joshua Russo,sharonaustin@yahoo.com,001-578-331-5975x72927,302 Mark Land Suite 233,West Christopher,Timor-Leste,2025-07-03
451,Gregory Rodgers,colemanscott@yahoo.com,(621)381-6981,4760 Roth Ford,Cochranport,Anguilla,2025-07-03
452,Michelle Martinez,darrylmacdonald@yahoo.com,871.596.6661x025,02223 Austin Plains Apt. 137,Spencerchester,Libyan Arab Jamahiriya,2024-09-13
453,Sharon Mendez,ryan42@yahoo.com,3187637263,559 Danielle Oval Suite 641,Cathytown,Cuba,2025-11-29
454,Christopher Solis,joshua15@hotmail.com,793-525-1149x7887,04095 Sanchez Park,Colemanhaven,Congo,2024-01-19
455,Anthony Sharp,elindsey@hotmail.com,709-968-5642,8026 John Valleys,West Sheriburgh,Romania,2025-07-09
456,Amanda Lopez,scottjoanna@hotmail.com,4164633822,05392 Elizabeth Causeway Suite 620,Lake Jocelynton,Thailand,2024-02-06
457,Dawn Parker,kendra49@yahoo.com,4242986634,67734 Thompson Mountains Apt. 561,Haleyfurt,Iraq,2024-09-23
458,Austin Freeman,erik74@yahoo.com,001-453-653-8962x9853,679 Kenneth Junction,Millermouth,Tonga,2025-04-23
459,Patrick Payne,christinagoodwin@hotmail.com,+1-216-515-3811x68371,3726 Thomas Expressway,North Joshuachester,Suriname,2024-12-18
460,Brenda Dennis,kaitlynfrey@hotmail.com,(245)563-3917x2994,481 Hunter Loop Suite 497,New Roberttown,Isle of Man,2025-05-22
461,Connie Rodriguez,alowery@yahoo.com,348.214.0984,7930 Virginia Plains,North Richardport,Mozambique,2025-05-01
462,Amber Collins,kevin42@gmail.com,231-360-7917x91386,1171 Natalie Tunnel Apt. 940,West Rebecca,Paraguay,2025-10-13
463,Tasha Peters,cassieallen@gmail.com,+1-774-691-6194x2321,31535 Robert Shore,Churchburgh,Iceland,2024-01-30
464,Robert Rogers,abigail56@yahoo.com,789-893-0051x9567,5842 Shane Stream,South Ericfurt,Burkina Faso,2025-07-22
465,Alexander Reyes,tuckeramanda@gmail.com,(423)481-1522x32822,84752 Michael Rest Suite 004,North Jessicaside,Ethiopia,2024-11-25
466,Stacy Garcia,anthonyhouse@gmail.com,304-719-4534,144 Peters Union,Robertsberg,Mexico,2024-01-07
467,Katrina Peters,pking@hotmail.com,+1-690-255-8557x599,90696 Hannah Knolls Apt. 898,Smithland,Saint Lucia,2024-01-16
468,Joe Hall,timothyross@hotmail.com,+1-496-544-4772x5084,2348 Katie Harbor,South Jennaport,Bouvet Island (Bouvetoya),2025-06-21
469,Tom Sanders,dianeoliver@yahoo.com,+1-245-623-1582x863,96629 Scott Courts,Phillipsburgh,Netherlands Antilles,2024-03-26
470,Angie Marshall,vincentturner@yahoo.com,(520)561-9019,9379 Miller Circle,North Debbieburgh,Russian Federation,2025-03-05
471,James Lopez,mitchellnicholas@yahoo.com,937-801-9453x9117,650 Thompson Mountains Suite 120,New Christopher,Reunion,2025-04-26
472,Anthony Bates,charlestaylor@hotmail.com,001-548-256-3711x4294,37539 Morgan Squares,East Douglaschester,Guatemala,2025-03-19
473,Daniel Arellano,llong@yahoo.com,551.527.2455,6569 Madden Green Suite 849,Mooreview,Suriname,2025-08-24
474,Ronald Smith,owhite@hotmail.com,001-309-679-3442x129,502 Kristin Highway Suite 780,Reneefort,Saint Kitts and Nevis,2025-02-22
475,Chad Wilson,heatherhouse@hotmail.com,451-867-6706x363,11220 Patricia Stravenue,Wesleyview,Brunei Darussalam,2024-10-06
476,Sergio Harris,catherine46@hotmail.com,4856649013,93500 Daniel Isle Suite 617,Kristinhaven,Saint Barthelemy,2025-05-29
477,Amber Lynn,hilldebbie@yahoo.com,755.880.3090x168,1778 Johnson Rest Apt. 271,Merritthaven,Puerto Rico,2025-02-15
478,Ashley Davis,elizabethmoore@gmail.com,7503583534,5728 Wright Garden Apt. 998,West Erik,Iran,2025-05-05
479,Susan Graves,jjordan@hotmail.com,351-550-2528x546,730 Martinez Stravenue,Lake Stephenbury,Moldova,2025-10-11
480,Rebecca Harrison,rrobinson@gmail.com,001-777-871-9619x9716,6764 Catherine Stream Suite 833,Kimberlytown,Andorra,2025-03-31
481,Timothy Franco,heather73@yahoo.com,001-815-279-1150x10162,026 Castro Stravenue,Lake Jose,Lao People's Democratic Republic,2025-11-15
482,Scott Sellers,ymercer@yahoo.com,720.431.7266,6854 Vanessa Parks,West Aaron,Sudan,2024-01-05
483,Jeanne Williams,vanessaflores@yahoo.com,+1-536-393-0100x0908,104 Glenn Row Apt. 541,Amyburgh,Nigeria,2025-05-23
484,Crystal Mclean,wigginsrhonda@gmail.com,905-583-3096,842 Angela Crossing Suite 269,South Yolanda,Saint Martin,2025-10-10
485,Peter Garcia,stevemorales@hotmail.com,(566)967-8809,65228 Steven Prairie Apt. 598,East Marcusfort,Lesotho,2024-12-05
486,Vanessa Huff,ashleydon@yahoo.com,(718)287-1148x600,924 Wheeler Route,New Stacie,Monaco,2025-09-18
487,Joel Williams,mstanley@yahoo.com,(223)836-9318,07302 Floyd Lights,Taylorshire,Korea,2024-09-17
488,Rebecca Reid,michaeltorres@yahoo.com,651-546-6886x583,358 Soto Walk Suite 736,Gallegoshaven,Germany,2024-06-13
489,Mary Murray,sshea@yahoo.com,4506450509,2007 Juan Trace Apt. 907,Perezfort,United States of America,2024-03-29
490,Richard Reed,collinsmatthew@gmail.com,494.533.7953x111,042 Howard Mount Suite 286,Escobarstad,Bouvet Island (Bouvetoya),2025-05-30
491,Kathleen Rice,thomasstephens@gmail.com,833.474.6121x575,1260 Fox Pass Suite 620,South Ashleyland,Netherlands,2025-09-16
492,Richard Young,samanthamartinez@hotmail.com,001-667-731-2343x8880,420 Mike Via,South Kenneth,Aruba,2025-10-07
493,Rachel Young,deborahwright@hotmail.com,710.229.7711,91792 Berger Junction Apt. 732,Port Ronaldland,Samoa,2024-01-20
494,Luke Moore,kinglouis@gmail.com,(202)568-3878,502 Shaw Mission Suite 030,Alanborough,Faroe Islands,2024-10-21
495,Edward Jones,garcialance@gmail.com,538-382-5320,163 Randall Freeway Apt. 736,South Kaitlynshire,Romania,2024-08-03
496,Clinton Williams,deanlauren@yahoo.com,456-997-2965x561,1377 Hailey Spring Suite 263,Richardberg,Saint Vincent and the Grenadines,2024-10-17
497,Jeremiah Robinson,tali@yahoo.com,(362)676-3304x1176,152 Dixon Creek,Mooneychester,Cote d'Ivoire,2025-10-29
498,Alexander Wright,juliethomas@hotmail.com,327-206-5934,62911 Jackson Passage Apt. 471,North Christopher,Brazil,2024-11-20
499,Ryan Castillo,vanessa58@hotmail.com,+1-798-810-6173,63129 Zavala Lakes,Shaneburgh,Samoa,2025-10-13
500,Kyle Lynch,writter@gmail.com,+1-621-263-3613x17985,9037 Carolyn Summit,Nathanmouth,Macao,2024-06-01
